pair_id,retained_FBgn,rejected_FBgn,match_distance,retained_length_nt,rejected_length_nt,retained_GC,rejected_GC,delta_length_nt,abs_delta_length_nt,delta_GC,abs_delta_GC
0,FBgn0261830,FBgn0262788,0.009169341173266647,486,489,0.3724279835390947,0.3721881390593047,-3,3,0.00023984447978997459,0.00023984447978997459
1,FBgn0033285,FBgn0030338,0.011214056628130135,480,484,0.50625,0.506198347107438,-4,4,5.16528925619264e-05,5.16528925619264e-05
2,FBgn0032065,FBgn0037577,0.013379398690969704,726,721,0.4848484848484848,0.4854368932038835,5,5,-0.0005884083553986952,0.0005884083553986952
3,FBgn0032139,FBgn0032281,0.013743497790777673,630,627,0.5111111111111111,0.5103668261562998,3,3,0.0007442849548112696,0.0007442849548112696
4,FBgn0037042,FBgn0010295,0.013867672121107394,588,594,0.5136054421768708,0.5134680134680135,-6,6,0.00013742870885724567,0.00013742870885724567
5,FBgn0262988,FBgn0264836,0.01547053846170677,348,352,0.4913793103448275,0.4914772727272727,-4,4,-9.796238244519362e-05,9.796238244519362e-05
6,FBgn0051128,FBgn0265632,0.017405089591570975,501,500,0.4730538922155688,0.472,1,1,0.0010538922155688413,0.0010538922155688413
7,FBgn0263647,FBgn0047000,0.01852572960346765,369,372,0.4471544715447154,0.4462365591397849,-3,3,0.0009179124049304987,0.0009179124049304987
8,FBgn0264540,FBgn0286874,0.02016934663407561,474,468,0.3839662447257383,0.3846153846153846,6,6,-0.0006491398896462663,0.0006491398896462663
9,FBgn0085285,FBgn0085225,0.020183805537465745,507,510,0.4733727810650887,0.4745098039215686,-3,3,-0.00113702285647993,0.00113702285647993
10,FBgn0038123,FBgn0030237,0.02198636506390556,804,791,0.4601990049751244,0.4601769911504424,13,13,2.2013824681976768e-05,2.2013824681976768e-05
11,FBgn0286833,FBgn0038356,0.022460823687630534,438,437,0.4041095890410959,0.4027459954233409,1,1,0.00136359361775501,0.00136359361775501
12,FBgn0031526,FBgn0085196,0.02282205583052639,672,661,0.5267857142857143,0.5264750378214826,11,11,0.00031067646423166284,0.00031067646423166284
13,FBgn0261806,FBgn0262961,0.022894229487999494,489,497,0.4008179959100204,0.4004024144869215,-8,8,0.00041558142309888746,0.00041558142309888746
14,FBgn0037449,FBgn0261358,0.023605155018758428,1029,1028,0.4849368318756074,0.4863813229571984,1,1,-0.001444491081591004,0.001444491081591004
15,FBgn0053107,FBgn0250827,0.024864063505494347,876,860,0.5011415525114156,0.5011627906976744,16,16,-2.123818625887619e-05,2.123818625887619e-05
16,FBgn0036089,FBgn0030542,0.025166958254091352,591,589,0.4467005076142132,0.4482173174872665,2,2,-0.0015168098730533042,0.0015168098730533042
17,FBgn0030936,FBgn0260000,0.025189648541057267,999,1006,0.4914914914914915,0.4900596421471173,-7,7,0.0014318493443742364,0.0014318493443742364
18,FBgn0003313,FBgn0031176,0.025286471284267836,429,434,0.5058275058275058,0.5046082949308756,-5,5,0.0012192108966302406,0.0012192108966302406
19,FBgn0262150,FBgn0032280,0.02671877839787612,732,746,0.4030054644808743,0.403485254691689,-14,14,-0.000479790210814679,0.000479790210814679
20,FBgn0033164,FBgn0262607,0.02746844833824813,594,594,0.4208754208754209,0.4225589225589226,0,0,-0.0016835016835016758,0.0016835016835016758
21,FBgn0259972,FBgn0266405,0.027697227845126262,249,254,0.3775100401606425,0.3779527559055118,-5,5,-0.0004427157448693153,0.0004427157448693153
22,FBgn0261583,FBgn0004172,0.0279745934173836,408,413,0.4852941176470588,0.486682808716707,-5,5,-0.0013886910696481736,0.0013886910696481736
23,FBgn0262571,FBgn0040923,0.02819498694288945,426,435,0.448356807511737,0.4482758620689655,-9,9,8.094544277148508e-05,8.094544277148508e-05
24,FBgn0265256,FBgn0085205,0.028259392495545578,393,401,0.5241730279898219,0.5236907730673317,-8,8,0.0004822549224902106,0.0004822549224902106
25,FBgn0031920,FBgn0003057,0.031301388458072656,1677,1711,0.4895646988670245,0.4886031560490941,-34,34,0.000961542817930372,0.000961542817930372
26,FBgn0264081,FBgn0286877,0.03157130150593622,780,765,0.3884615384615384,0.3895424836601307,15,15,-0.001080945198592309,0.001080945198592309
27,FBgn0032371,FBgn0034011,0.03165635431183492,1104,1129,0.453804347826087,0.4543844109831709,-25,25,-0.000580063157083921,0.000580063157083921
28,FBgn0050355,FBgn0052073,0.03457226460664025,561,575,0.4759358288770053,0.4765217391304348,-14,14,-0.0005859102534294669,0.0005859102534294669
29,FBgn0264748,FBgn0052219,0.03577610490352477,1125,1113,0.3973333333333333,0.3953279424977538,12,12,0.0020053908355794903,0.0020053908355794903
30,FBgn0051797,FBgn0016053,0.03627946420379367,2607,2614,0.4595320291522823,0.4617444529456771,-7,7,-0.002212423793394813,0.002212423793394813
31,FBgn0028850,FBgn0036471,0.0364040875426346,693,677,0.5151515151515151,0.5140324963072378,16,16,0.0011190188442773419,0.0011190188442773419
32,FBgn0264739,FBgn0261997,0.04101937029998251,420,408,0.5261904761904762,0.5269607843137255,12,12,-0.000770308123249297,0.000770308123249297
33,FBgn0038656,FBgn0040718,0.041678109211432786,420,431,0.4904761904761904,0.4918793503480278,-11,11,-0.0014031598718374227,0.0014031598718374227
34,FBgn0262544,FBgn0004173,0.04293931564098741,483,468,0.4782608695652174,0.4786324786324786,15,15,-0.0003716090672611916,0.0003716090672611916
35,FBgn0038158,FBgn0036091,0.043177728038830014,399,397,0.518796992481203,0.5214105793450882,2,2,-0.002613586863885131,0.002613586863885131
36,FBgn0050432,FBgn0261817,0.04492347197759742,402,414,0.4552238805970149,0.4565217391304347,-12,12,-0.0012978585334197934,0.0012978585334197934
37,FBgn0029725,FBgn0035955,0.04598334451766591,1227,1215,0.4767726161369193,0.4740740740740741,12,12,0.0026985420628451995,0.0026985420628451995
38,FBgn0031127,FBgn0029535,0.04620216101370059,459,475,0.5032679738562091,0.5031578947368421,-16,16,0.00011007911936700143,0.00011007911936700143
39,FBgn0052457,FBgn0262605,0.0464580834370033,492,501,0.4207317073170731,0.4231536926147705,-9,9,-0.002421985297697382,0.002421985297697382
40,FBgn0262568,FBgn0040972,0.04720757160645761,402,409,0.4328358208955223,0.4303178484107579,-7,7,0.0025179724847644303,0.0025179724847644303
41,FBgn0052811,FBgn0028415,0.04726360356757862,234,241,0.4829059829059829,0.4813278008298755,-7,7,0.0015781820761074372,0.0015781820761074372
42,FBgn0085485,FBgn0036131,0.048037104048973454,504,498,0.5634920634920635,0.5662650602409639,6,6,-0.0027729967489004137,0.0027729967489004137
43,FBgn0028853,FBgn0067903,0.04825109752630381,879,860,0.4744027303754266,0.4767441860465116,19,19,-0.002341455671085013,0.002341455671085013
44,FBgn0032554,FBgn0035022,0.048733431047888805,591,602,0.4957698815566836,0.4983388704318937,-11,11,-0.0025689888752100654,0.0025689888752100654
45,FBgn0053325,FBgn0030595,0.048871505330093094,942,973,0.3970276008492569,0.39568345323741,-31,31,0.0013441476118469242,0.0013441476118469242
46,FBgn0262364,FBgn0036467,0.05049508549225255,525,544,0.4457142857142857,0.4466911764705882,-19,19,-0.0009768907563025286,0.0009768907563025286
47,FBgn0032523,FBgn0037139,0.05129931874099254,600,579,0.5066666666666667,0.5077720207253886,21,21,-0.001105354058721919,0.001105354058721919
48,FBgn0085331,FBgn0000216,0.051889201186065693,513,532,0.4502923976608187,0.4492481203007519,-19,19,0.001044277360066792,0.001044277360066792
49,FBgn0034154,FBgn0032834,0.05274621450677935,606,595,0.4818481848184818,0.4789915966386555,11,11,0.0028565881798263137,0.0028565881798263137
50,FBgn0265429,FBgn0051698,0.05313050043250734,645,636,0.4372093023255814,0.440251572327044,9,9,-0.003042270001462566,0.003042270001462566
51,FBgn0264343,FBgn0261507,0.053307839408755664,750,742,0.3333333333333333,0.330188679245283,8,8,0.0031446540880503138,0.0031446540880503138
52,FBgn0030912,FBgn0034899,0.05332110559777603,918,918,0.55119825708061,0.5479302832244008,0,0,0.0032679738562091387,0.0032679738562091387
53,FBgn0286876,FBgn0052282,0.05367390802187955,333,323,0.4684684684684684,0.4705882352941176,10,10,-0.002119766825649183,0.002119766825649183
54,FBgn0265785,FBgn0266811,0.053699296495896075,426,437,0.3732394366197183,0.3707093821510298,-11,11,0.0025300544686885362,0.0025300544686885362
55,FBgn0036925,FBgn0035257,0.05402475804502882,1806,1796,0.5110741971207088,0.5077951002227171,10,10,0.0032790968979916624,0.0032790968979916624
56,FBgn0031104,FBgn0052074,0.054194260439367016,458,440,0.4934497816593886,0.4931818181818181,18,18,0.00026796347757046535,0.00026796347757046535
57,FBgn0030813,FBgn0038161,0.054956931970060366,594,576,0.5151515151515151,0.5173611111111112,18,18,-0.0022095959595960224,0.0022095959595960224
58,FBgn0052655,FBgn0032360,0.05506917794952261,993,1018,0.4290030211480362,0.4263261296660118,-25,25,0.0026768914820243794,0.0026768914820243794
59,FBgn0267967,FBgn0034416,0.05524246785333656,1665,1645,0.466066066066066,0.4693009118541033,20,20,-0.0032348457880372883,0.0032348457880372883
60,FBgn0050485,FBgn0287210,0.05603851495801462,2928,2967,0.4702868852459016,0.4735422986181328,-39,39,-0.003255413372231175,0.003255413372231175
61,FBgn0034413,FBgn0036394,0.060128982398871246,777,749,0.444015444015444,0.4419225634178905,28,28,0.002092880597553526,0.002092880597553526
62,FBgn0037195,FBgn0038239,0.06182332711235551,591,587,0.5499153976311336,0.5536626916524702,4,4,-0.0037472940213365558,0.0037472940213365558
63,FBgn0263114,FBgn0052268,0.06199104831269043,402,387,0.4552238805970149,0.4573643410852713,15,15,-0.0021404604882563905,0.0021404604882563905
64,FBgn0261587,FBgn0034514,0.06266833020982016,420,440,0.5,0.5,-20,20,0.0,0.0
65,FBgn0260230,FBgn0261816,0.06498793266823198,663,694,0.4555052790346908,0.4567723342939481,-31,31,-0.0012670552592572992,0.0012670552592572992
66,FBgn0287587,FBgn0262358,0.06510468035913013,402,415,0.3656716417910448,0.3686746987951807,-13,13,-0.003003057004135945,0.003003057004135945
67,FBgn0051560,FBgn0286929,0.06555699618074941,840,834,0.4476190476190476,0.4436450839328537,6,6,0.003973963686193904,0.003973963686193904
68,FBgn0036470,FBgn0039766,0.06623728403081244,636,664,0.4748427672955975,0.4728915662650602,-28,28,0.0019512010305373084,0.0019512010305373084
69,FBgn0262356,FBgn0262022,0.06770011886736511,411,395,0.3746958637469586,0.3721518987341772,16,16,0.002543965012781424,0.002543965012781424
70,FBgn0262612,FBgn0085252,0.06781883067446727,342,345,0.4707602339181286,0.4666666666666667,-3,3,0.004093567251461927,0.004093567251461927
71,FBgn0050039,FBgn0260226,0.06791840386604708,444,440,0.4504504504504504,0.4545454545454545,4,4,-0.004095004095004073,0.004095004095004073
72,FBgn0259968,FBgn0262856,0.06813538208530368,249,238,0.4136546184738955,0.4117647058823529,11,11,0.0018899125915425863,0.0018899125915425863
73,FBgn0034840,FBgn0033275,0.06868463709406857,852,819,0.5704225352112676,0.5677655677655677,33,33,0.002656967445699876,0.002656967445699876
74,FBgn0032385,FBgn0085330,0.06982873276929545,357,376,0.4201680672268907,0.4202127659574468,-19,19,-4.4698730556069766e-05,4.4698730556069766e-05
75,FBgn0262583,FBgn0030824,0.07003805676726618,849,814,0.5441696113074205,0.5466830466830467,35,35,-0.002513435375626205,0.002513435375626205
76,FBgn0037910,FBgn0263848,0.07011112057557352,618,615,0.4563106796116505,0.4520325203252032,3,3,0.004278159286447314,0.004278159286447314
77,FBgn0031128,FBgn0030319,0.07073032712120328,909,952,0.5104510451045104,0.5084033613445378,-43,43,0.0020476837599726627,0.0020476837599726627
78,FBgn0259966,FBgn0040747,0.07100037542710934,420,399,0.4095238095238095,0.4085213032581453,21,21,0.001002506265664227,0.001002506265664227
79,FBgn0040837,FBgn0032284,0.07263284605919818,564,538,0.5709219858156028,0.5687732342007435,26,26,0.002148751614859279,0.002148751614859279
80,FBgn0014848,FBgn0262577,0.07266171607463022,306,319,0.4542483660130719,0.45141065830721,-13,13,0.0028377077058618916,0.0028377077058618916
81,FBgn0262819,FBgn0035434,0.07306268974141399,345,364,0.4869565217391304,0.4862637362637362,-19,19,0.0006927854753941975,0.0006927854753941975
82,FBgn0262890,FBgn0052274,0.07352676086878668,201,210,0.5074626865671642,0.5047619047619047,-9,9,0.0027007818052594557,0.0027007818052594557
83,FBgn0032533,FBgn0040637,0.07376900945411094,510,537,0.5254901960784314,0.527001862197393,-27,27,-0.0015116661189615854,0.0015116661189615854
84,FBgn0035730,FBgn0263743,0.07377738316385046,717,731,0.4351464435146444,0.4309165526675786,-14,14,0.004229890847065765,0.004229890847065765
85,FBgn0025616,FBgn0034910,0.07462490591931731,1482,1512,0.5148448043184886,0.5105820105820106,-30,30,0.004262793736477977,0.004262793736477977
86,FBgn0053200,FBgn0028416,0.07511565136818224,246,242,0.483739837398374,0.4793388429752066,4,4,0.004400994423167381,0.004400994423167381
87,FBgn0040778,FBgn0003034,0.07540405195272265,279,288,0.4336917562724014,0.4375,-9,9,-0.0038082437275985814,0.0038082437275985814
88,FBgn0030979,FBgn0030537,0.07704805472879812,2007,1954,0.5311410064773293,0.5353121801432958,53,53,-0.004171173665966532,0.004171173665966532
89,FBgn0029568,FBgn0039238,0.07720145808290234,1311,1286,0.5491990846681922,0.5536547433903577,25,25,-0.0044556587221654675,0.0044556587221654675
90,FBgn0039811,FBgn0052189,0.07807261442161194,432,430,0.5254629629629629,0.5302325581395348,2,2,-0.004769595176571939,0.004769595176571939
91,FBgn0051206,FBgn0040989,0.07870364151661774,597,590,0.4589614740368509,0.4542372881355932,7,7,0.0047241859012576715,0.0047241859012576715
92,FBgn0262361,FBgn0286873,0.07894793371105878,234,238,0.4743589743589743,0.4789915966386555,-4,4,-0.004632622279681198,0.004632622279681198
93,FBgn0053117,FBgn0261267,0.0802470458840169,405,421,0.4641975308641975,0.4679334916864608,-16,16,-0.0037359608222632956,0.0037359608222632956
94,FBgn0262576,FBgn0038240,0.0804886135991708,498,506,0.5742971887550201,0.5790513833992095,-8,8,-0.004754194644189358,0.004754194644189358
95,FBgn0260867,FBgn0264295,0.08138549582431,279,295,0.4731182795698925,0.4711864406779661,-16,16,0.0019318388919263851,0.0019318388919263851
96,FBgn0266534,FBgn0050098,0.0815895491223352,1041,992,0.4082612872238232,0.4052419354838709,49,49,0.003019351739952325,0.003019351739952325
97,FBgn0039521,FBgn0036138,0.08203939079131398,465,494,0.4731182795698925,0.4736842105263157,-29,29,-0.0005659309564232107,0.0005659309564232107
98,FBgn0029589,FBgn0033798,0.08307933742656674,609,586,0.5073891625615764,0.5034129692832765,23,23,0.0039761932782999,0.0039761932782999
99,FBgn0030296,FBgn0051952,0.08324696242861293,1338,1376,0.4932735426008968,0.4978197674418604,-38,38,-0.00454622484096362,0.00454622484096362
100,FBgn0085214,FBgn0052283,0.08368181556137659,381,360,0.4645669291338583,0.4666666666666667,21,21,-0.002099737532808399,0.002099737532808399
101,FBgn0260428,FBgn0029696,0.08371652140700346,555,522,0.4414414414414414,0.4406130268199233,33,33,0.0008284146215180588,0.0008284146215180588
102,FBgn0031168,FBgn0037177,0.08515002804314063,843,855,0.5290628706998813,0.5239766081871345,-12,12,0.0050862625127467975,0.0050862625127467975
103,FBgn0264746,FBgn0003087,0.08683002588955069,1107,1104,0.3766937669376693,0.3713768115942029,3,3,0.005316955343466434,0.005316955343466434
104,FBgn0265576,FBgn0004175,0.08734816675270743,444,467,0.4594594594594595,0.45610278372591,-23,23,0.0033566757335494746,0.0033566757335494746
105,FBgn0015229,FBgn0004554,0.08746547329276438,687,656,0.5312954876273653,0.5350609756097561,31,31,-0.003765487982390736,0.003765487982390736
106,FBgn0261992,FBgn0262572,0.08821416049635782,330,340,0.4636363636363636,0.4588235294117647,-10,10,0.004812834224598939,0.004812834224598939
107,FBgn0033090,FBgn0003741,0.08825146013987482,1059,992,0.4740321057601511,0.4737903225806452,67,67,0.00024178317950590555,0.00024178317950590555
108,FBgn0086915,FBgn0040801,0.08963943761472709,648,686,0.5015432098765432,0.5043731778425656,-38,38,-0.0028299679660224175,0.0028299679660224175
109,FBgn0036443,FBgn0038879,0.08974104317258896,801,854,0.4956304619225967,0.4941451990632318,-53,53,0.0014852628593648998,0.0014852628593648998
110,FBgn0261847,FBgn0263597,0.0913754587667592,186,175,0.4032258064516129,0.4057142857142857,11,11,-0.002488479262672816,0.002488479262672816
111,FBgn0260231,FBgn0031178,0.09218808287781222,612,643,0.5964052287581699,0.6003110419906688,-31,31,-0.0039058132324988337,0.0039058132324988337
112,FBgn0264747,FBgn0051898,0.09263756449057384,1113,1172,0.4132973944294699,0.409556313993174,-59,59,0.003741080436295896,0.003741080436295896
113,FBgn0034737,FBgn0085199,0.09348614501173269,336,353,0.3869047619047619,0.3909348441926346,-17,17,-0.0040300822878726605,0.0040300822878726605
114,FBgn0260967,FBgn0264342,0.09417251370356236,843,870,0.3511269276393831,0.3459770114942528,-27,27,0.005149916145130273,0.005149916145130273
115,FBgn0263321,FBgn0015585,0.09601374416455132,495,516,0.3555555555555555,0.3507751937984496,-21,21,0.004780361757105889,0.004780361757105889
116,FBgn0050447,FBgn0085317,0.09642732554815611,525,501,0.4266666666666667,0.4311377245508982,24,24,-0.004471057884231522,0.004471057884231522
117,FBgn0264472,FBgn0085236,0.0984333114662043,489,526,0.4008179959100204,0.4011406844106464,-37,37,-0.0003226885006260005,0.0003226885006260005
118,FBgn0002855,FBgn0259701,0.09859055203663378,795,854,0.4075471698113208,0.4063231850117096,-59,59,0.0012239847996111664,0.0012239847996111664
119,FBgn0287423,FBgn0034255,0.09884809724653422,360,371,0.45,0.4555256064690027,-11,11,-0.005525606469002686,0.005525606469002686
120,FBgn0266436,FBgn0003060,0.09959195520330083,804,851,0.4825870646766169,0.4864864864864865,-47,47,-0.00389942180986963,0.00389942180986963
121,FBgn0261580,FBgn0265836,0.0997575469787359,414,401,0.4009661835748792,0.4064837905236907,13,13,-0.005517606948811538,0.005517606948811538
122,FBgn0032268,FBgn0014368,0.09989946766564868,558,568,0.5376344086021505,0.5316901408450704,-10,10,0.005944267757080124,0.005944267757080124
123,FBgn0039088,FBgn0037997,0.10008787001534188,1161,1159,0.446167097329888,0.4400345125107852,2,2,0.006132584819102838,0.006132584819102838
124,FBgn0034502,FBgn0085479,0.10139002644824419,1563,1472,0.5220729366602687,0.5258152173913043,91,91,-0.003742280731035663,0.003742280731035663
125,FBgn0261059,FBgn0004174,0.10195139782011291,453,420,0.4216335540838852,0.4214285714285714,33,33,0.00020498265531382343,0.00020498265531382343
126,FBgn0033145,FBgn0040729,0.10208351584466857,294,281,0.4931972789115646,0.498220640569395,13,13,-0.005023361657830405,0.005023361657830405
127,FBgn0263774,FBgn0044047,0.10280892096104634,3291,3166,0.4545730780917654,0.4491471888818699,125,125,0.005425889209895507,0.005425889209895507
128,FBgn0261568,FBgn0028537,0.10388839098960119,633,680,0.3744075829383886,0.3720588235294118,-47,47,0.0023487594089768304,0.0023487594089768304
129,FBgn0050073,FBgn0037669,0.1049129085310135,717,775,0.4672245467224546,0.4670967741935484,-58,58,0.0001277725289062226,0.0001277725289062226
130,FBgn0086782,FBgn0037179,0.10598781622258567,543,566,0.5598526703499079,0.5653710247349824,-23,23,-0.00551835438507442,0.00551835438507442
131,FBgn0264552,FBgn0278600,0.10625676468072072,297,288,0.5252525252525253,0.53125,9,9,-0.005997474747474696,0.005997474747474696
132,FBgn0034464,FBgn0261357,0.10637630177912787,954,1028,0.4884696016771488,0.4863813229571984,-74,74,0.0020882787199504316,0.0020882787199504316
133,FBgn0040519,FBgn0283461,0.11124102794389686,360,387,0.4916666666666666,0.4883720930232558,-27,27,0.003294573643410792,0.003294573643410792
134,FBgn0051174,FBgn0261807,0.11220815423490242,612,663,0.3872549019607843,0.3891402714932127,-51,51,-0.0018853695324283493,0.0018853695324283493
135,FBgn0051709,FBgn0033683,0.11331981547454241,627,630,0.4561403508771929,0.4492063492063492,-3,3,0.006934001670843681,0.006934001670843681
136,FBgn0051805,FBgn0035152,0.11468897873964928,1926,2035,0.4485981308411215,0.4432432432432432,-109,109,0.005354887597878277,0.005354887597878277
137,FBgn0263707,FBgn0014865,0.11571309228537459,261,268,0.4559386973180077,0.4626865671641791,-7,7,-0.006747869846171428,0.006747869846171428
138,FBgn0262006,FBgn0085367,0.12045843007968995,441,425,0.4285714285714285,0.4352941176470588,16,16,-0.006722689075630284,0.006722689075630284
139,FBgn0085460,FBgn0259917,0.12143571595177657,2145,1965,0.3794871794871794,0.3811704834605598,180,180,-0.0016833039733804012,0.0016833039733804012
140,FBgn0034512,FBgn0039346,0.1216719580460652,738,786,0.4959349593495935,0.5012722646310432,-48,48,-0.005337305281449767,0.005337305281449767
141,FBgn0038311,FBgn0031129,0.12269249849550527,1644,1506,0.5,0.49800796812749,138,138,0.001992031872510014,0.001992031872510014
142,FBgn0262794,FBgn0052279,0.12298467875842228,351,333,0.4472934472934473,0.4534534534534534,18,18,-0.006160006160006115,0.006160006160006115
143,FBgn0051406,FBgn0003086,0.12428318233939985,750,690,0.4373333333333333,0.4405797101449275,60,60,-0.0032463768115942315,0.0032463768115942315
144,FBgn0265423,FBgn0011668,0.12542334805220048,324,325,0.4969135802469135,0.4892307692307692,-1,1,0.00768281101614432,0.00768281101614432
145,FBgn0029694,FBgn0052453,0.12699110841347688,702,741,0.4686609686609687,0.4750337381916329,-39,39,-0.006372769530664235,0.006372769530664235
146,FBgn0262487,FBgn0034010,0.12792958738039276,867,884,0.4244521337946944,0.4321266968325792,-17,17,-0.0076745630378848295,0.0076745630378848295
147,FBgn0050365,FBgn0030900,0.1286666547893605,1410,1315,0.4624113475177305,0.4570342205323194,95,95,0.005377126985411096,0.005377126985411096
148,FBgn0042129,FBgn0052643,0.12898036014008782,600,548,0.4733333333333333,0.4708029197080292,52,52,0.0025304136253040954,0.0025304136253040954
149,FBgn0028899,FBgn0039945,0.1300857314053439,7062,7672,0.3905409232512036,0.3864702815432742,-610,610,0.004070641707929423,0.004070641707929423
150,FBgn0052452,FBgn0260238,0.13046397091005738,1725,1900,0.528695652173913,0.5289473684210526,-175,175,-0.0002517162471395995,0.0002517162471395995
151,FBgn0032184,FBgn0039428,0.13453990890671788,399,366,0.5914786967418546,0.5956284153005464,33,33,-0.0041497185586918395,0.0041497185586918395
152,FBgn0050472,FBgn0260954,0.13722491664052547,639,680,0.378716744913928,0.3720588235294118,-41,41,0.006657921384516208,0.006657921384516208
153,FBgn0265578,FBgn0031270,0.1373267776676907,1776,1618,0.4273648648648648,0.4239802224969097,158,158,0.003384642367955104,0.003384642367955104
154,FBgn0039792,FBgn0037294,0.13859134487461122,1173,1290,0.505541346973572,0.5023255813953489,-117,117,0.0032157655782231176,0.0032157655782231176
155,FBgn0262821,FBgn0036468,0.13901836988602306,513,560,0.4152046783625731,0.4107142857142857,-47,47,0.004490392648287378,0.004490392648287378
156,FBgn0030429,FBgn0263037,0.1395335030947923,1902,2079,0.4353312302839117,0.4309764309764309,-177,177,0.004354799307480783,0.004354799307480783
157,FBgn0029987,FBgn0034900,0.14048592695405274,546,580,0.5567765567765568,0.5637931034482758,-34,34,-0.007016546671719026,0.007016546671719026
158,FBgn0052115,FBgn0054025,0.1430484852559187,1428,1328,0.3648459383753501,0.3712349397590361,100,100,-0.006389001383685977,0.006389001383685977
159,FBgn0261831,FBgn0261614,0.14334112884583952,576,546,0.3715277777777778,0.3791208791208791,30,30,-0.007593101343101316,0.007593101343101316
160,FBgn0261567,FBgn0083936,0.1438466119701112,330,306,0.3787878787878788,0.3725490196078431,24,24,0.006238859180035694,0.006238859180035694
161,FBgn0051606,FBgn0040723,0.14407694374675103,594,550,0.4629629629629629,0.4690909090909091,44,44,-0.006127946127946204,0.006127946127946204
162,FBgn0053664,FBgn0004588,0.1507349391193674,483,536,0.3809523809523809,0.3843283582089552,-53,53,-0.0033759772565743473,0.0033759772565743473
163,FBgn0036178,FBgn0052188,0.15393024745253345,312,349,0.5769230769230769,0.5787965616045845,-37,37,-0.001873484681507609,0.001873484681507609
164,FBgn0011559,FBgn0035151,0.15467124159077014,2739,2448,0.4384811975173421,0.440359477124183,291,291,-0.0018782796068408936,0.0018782796068408936
165,FBgn0028430,FBgn0259959,0.15493218700859135,471,425,0.3736730360934182,0.3694117647058823,46,46,0.004261271387535903,0.004261271387535903
166,FBgn0286940,FBgn0040514,0.1560780538265471,891,865,0.4231200897867564,0.4138728323699422,26,26,0.009247257416814203,0.009247257416814203
167,FBgn0030389,FBgn0002933,0.15732100156682782,570,523,0.4807017543859649,0.4741873804971319,47,47,0.006514373888833025,0.006514373888833025
168,FBgn0262581,FBgn0262567,0.1628246870196789,354,371,0.4463276836158192,0.4555256064690027,-17,17,-0.009197922853183493,0.009197922853183493
169,FBgn0035239,FBgn0038709,0.16626142239661895,1488,1546,0.4314516129032258,0.4411384217335058,-58,58,-0.009686808830280003,0.009686808830280003
170,FBgn0263250,FBgn0040816,0.16751452940837203,384,421,0.4348958333333333,0.4418052256532066,-37,37,-0.006909392319873309,0.006909392319873309
171,FBgn0051815,FBgn0262020,0.17039591868822188,1332,1266,0.4226726726726726,0.4131121642969984,66,66,0.009560508375674237,0.009560508375674237
172,FBgn0038509,FBgn0034819,0.17143861737743554,375,388,0.544,0.5541237113402062,-13,13,-0.010123711340206176,0.010123711340206176
173,FBgn0263032,FBgn0034206,0.17253472587761243,450,509,0.4666666666666667,0.4695481335952848,-59,59,-0.002881466928618126,0.002881466928618126
174,FBgn0051785,FBgn0039288,0.1735758615793419,1143,1005,0.4706911636045494,0.4706467661691542,138,138,4.4397435395193696e-05,4.4397435395193696e-05
175,FBgn0263750,FBgn0029645,0.18100626003007064,1119,1184,0.5397676496872207,0.549831081081081,-65,65,-0.010063431393860345,0.010063431393860345
176,FBgn0259151,FBgn0266539,0.18149882948732013,1716,1791,0.5081585081585082,0.5187046342825238,-75,75,-0.01054612612401562,0.01054612612401562
177,FBgn0052259,FBgn0085227,0.18481055797744686,492,532,0.4512195121951219,0.4605263157894737,-40,40,-0.009306803594351765,0.009306803594351765
178,FBgn0263087,FBgn0083941,0.1872227217988788,513,574,0.5594541910331384,0.5662020905923345,-61,61,-0.00674789955919608,0.00674789955919608
179,FBgn0052228,FBgn0053926,0.1873206294290742,2748,3157,0.3820960698689956,0.3823249920810896,-409,409,-0.0002289222120940293,0.0002289222120940293
180,FBgn0030195,FBgn0038820,0.19009838188412942,1056,1128,0.5748106060606061,0.5851063829787234,-72,72,-0.010295776918117339,0.010295776918117339
181,FBgn0052061,FBgn0085315,0.1903181446944263,645,742,0.4232558139534884,0.421832884097035,-97,97,0.0014229298564533699,0.0014229298564533699
182,FBgn0036654,FBgn0038945,0.19564138257224808,1149,1016,0.5221932114882507,0.5285433070866141,133,133,-0.006350095598363414,0.006350095598363414
183,FBgn0264903,FBgn0040922,0.1971273851977183,273,316,0.4835164835164835,0.4841772151898734,-43,43,-0.0006607316733898694,0.0006607316733898694
184,FBgn0051415,FBgn0052071,0.19838286518840909,474,453,0.6075949367088608,0.5960264900662252,21,21,0.011568446642635566,0.011568446642635566
