Record_ID,Part,Species,Evidence_domain,Metric,Value,Denominator,Unit,Evidence_type,Status,Interpretation,Limitation
DROSO_001,31.50,Drosophila,Sequence accessibility,Accessibility ratio,1.504–1.690,Defined candidate/matched framework,fold,Computational sequence analysis,SUPPORTED,Candidate sequences show elevated one-nucleotide accessibility under the defined accessibility metric.,Does not demonstrate that the corresponding historical mutations actually occurred.
DROSO_002,31.50,Drosophila,Proto-ORF architecture,Proto-ORF enrichment,4.1701,Defined proto-ORF comparison,fold,Sequence architecture,SUPPORTED,Short coding-compatible proto-ORF configurations are enriched under the defined metric.,Does not demonstrate historical formation or translation.
DROSO_003,31.50,Drosophila,Matched/null robustness,Matched effect,+44.472 to +56.049,"Per 1,000","effect / 1,000",Matched/null analysis,SUPPORTED,The accessibility effect remains detectable under the completed matched/null framework.,Statistical robustness does not establish causality.
DROSO_004,31.50,Drosophila,Matched/null robustness,Permutation P,0.0002–0.0009,Defined permutation framework,P value,Permutation analysis,SUPPORTED,The observed accessibility effects are unlikely under the defined permutation null.,Does not establish an evolutionary causal mechanism.
DROSO_005,31.50,Drosophila,Extension analysis,Matched extension delta,-0.018235,Matched retained/rejected pairs,delta,Matched extension analysis,SUPPORTED,The retained set did not show the hypothesized positive extension advantage in this matched analysis.,Does not imply that extension is biologically irrelevant.
DROSO_006,31.62–31.75,Drosophila,Sequence architecture,Sequence-feature discrimination,AUC approximately 0.917–0.933,Tight matched candidate pairs,AUC,Sequence feature model,SUPPORTED,Detailed sequence architecture strongly discriminated retained versus matched rejected candidates in the completed feature-model analysis.,"This is predictive discrimination, not proof of causal mechanism."
DROSO_007,31.72,Drosophila,Accessibility discrimination,Accessibility-only AUC,0.8006,Tight matched candidate pairs,AUC,Accessibility-only model,SUPPORTED,Accessibility alone provides discriminatory information.,It does not establish that accessibility is independent of other sequence architecture.
DROSO_008,31.72,Drosophila,Combined model,Sequence + accessibility AUC,0.9325,Tight matched candidate pairs,AUC,Combined predictive model,SUPPORTED,Combined sequence and accessibility features provide strong candidate discrimination.,Incremental contribution of accessibility after detailed sequence architecture was small in this analysis.
DROSO_009,31.72,Drosophila,Incremental accessibility,Sequence architecture AUC,0.9318,Tight matched candidate pairs,AUC,Sequence-only model,SUPPORTED,Sequence architecture itself carries substantial discriminatory information.,This means accessibility should not be described as the sole determinant of candidate discrimination.
DROSO_010,31.73,Drosophila,Residualization,High-dimensional residual effect,No independent residual mean effect detected,Approximately 183 matched pairs,residual comparison,Feature residualization,UNRESOLVED,No independent residual mean accessibility effect remained after the high-dimensional feature adjustment.,Small pair count and high-dimensional adjustment make this analysis potentially over-adjusted; it should not be used to claim absence of an accessibility contribution.
MOUSE_001,31.88R,Mouse,Candidate validation,Published candidates,119,119,candidates,Published candidate dataset,SUPPORTED,The final mouse validation master contains 119 unique published candidate genes.,Candidate count alone does not establish gene-birth history.
MOUSE_002,31.88R,Mouse,Current CDS validation,Direct current-CDS exact matches,23,119,candidates,Direct current Ensembl CDS route,SUPPORTED,23 candidates reproduced the published protein exactly through the direct current-CDS route.,Does not imply that the remaining candidates are biologically invalid.
MOUSE_003,31.88R,Mouse,Transcript validation,Additional transcript-exact matches,55,119,candidates,Transcript-level exact sequence route,SUPPORTED,55 additional candidates showed exact present-day transcript-level protein sequence recovery.,Transcript-level exact matching does not automatically establish annotated CDS identity.
MOUSE_004,31.88R,Mouse,Overall sequence validation,Any exact validation,78,119,candidates,Candidate-level deduplicated validation,SUPPORTED,78/119 candidates have exact present-day sequence validation through either direct CDS or transcript-level routes.,"This is present-day sequence validation, not historical gene-birth reconstruction."
MOUSE_005,31.88R,Mouse,Exon consistency,Fully exon-consistent transcript matches,39,55,candidates,Current exon-coordinate validation,SUPPORTED,39 of the 55 transcript-exact matches are fully contained within current exon-derived transcript space.,Current exon structure does not reconstruct historical exon structure.
MOUSE_006,31.88R,Mouse,Exon consistency,Partial exon matches,2,55,candidates,Current exon-coordinate validation,SUPPORTED,Two transcript-exact matches show partial exon overlap.,Partial overlap is not equivalent to CDS confirmation.
MOUSE_007,31.88R,Mouse,CDS uncertainty,CDS-unconfirmed transcript matches,14,55,candidates,Transcript/exon reconciliation,SUPPORTED,14 exact transcript-level matches remain unconfirmed as current annotated CDS.,CDS-unconfirmed does not mean false.
CROSS_001,31.89–31.91,Drosophila + Mouse,Cross-species integration,Complementary evidence,Drosophila accessibility/proto-ORF + Mouse 78/119 exact validation,Two independent evidence frameworks,evidence layers,Cross-species synthesis,SUPPORTED_AS_COMPLEMENTARY,The two datasets provide complementary sequence-level evidence relevant to young-gene emergence.,Does not establish an identical conserved mechanism across species.
LIMIT_001,31.45H / 31.90 / 31.91,Drosophila,Historical reconstruction,Historical route verification,False,"3,119 analyzed records in historical-route audit",verification status,Provenance audit,NOT_DEMONSTRATED,The historical mutation route was not verified.,The analysis must be described as a computational accessibility route rather than historical event reconstruction.
LIMIT_002,31.45H / 31.90 / 31.91,Drosophila,Ancestral sequence,Ancestral sequence verification,False,Historical-route audit,verification status,Provenance audit,NOT_DEMONSTRATED,Ancestral sequences were not independently verified.,Present-day sequence properties cannot be treated as direct ancestral sequence observations.
LIMIT_003,31.45H / 31.90 / 31.91,Drosophila,Mutation order,Historical mutation order verification,False,Historical-route audit,verification status,Provenance audit,NOT_DEMONSTRATED,The order of historical mutations was not reconstructed.,The proposed sequence-level path should not be presented as a directly observed historical sequence of events.
LIMIT_004,31.91,Cross-species,Causality,Causal mechanism,Not established,All completed analyses,status,Claim boundary,NOT_DEMONSTRATED,"The results establish associations and sequence-level patterns, not a causal gene-birth mechanism.",No causal claim should be made.
LIMIT_005,31.91,Cross-species,Selection,Positive selection,Not established,All completed analyses,status,Claim boundary,NOT_DEMONSTRATED,Selection was not independently established.,Do not attribute the observed patterns to positive selection without separate evidence.
