Gene_ID,Transcript_ID,MASTER_DIRECT_CDS_EXACT,MASTER_TRANSCRIPT_EXACT,match_start,match_end,coverage_fraction,location_class,final_validation_category,MASTER_VALIDATION_CATEGORY,EVIDENCE_LEVEL,VALIDATION_INTERPRETATION
ENSMUSG00000024088,ENSMUST00000024896,False,False,,,,,,NO_EXACT_PRESENT_DAY_VALIDATION,6,No exact present-day protein validation established by the current routes.
ENSMUSG00000025961,ENSMUST00000027102,False,False,,,,,,NO_EXACT_PRESENT_DAY_VALIDATION,6,No exact present-day protein validation established by the current routes.
ENSMUSG00000026736,ENSMUST00000028069|MSTRG.151059.1,False,False,,,,,,NO_EXACT_PRESENT_DAY_VALIDATION,6,No exact present-day protein validation established by the current routes.
ENSMUSG00000027713,ENSMUST00000029268|MSTRG.175533.1,False,False,,,,,,NO_EXACT_PRESENT_DAY_VALIDATION,6,No exact present-day protein validation established by the current routes.
ENSMUSG00000029384,ENSMUST00000031330,False,False,,,,,,NO_EXACT_PRESENT_DAY_VALIDATION,6,No exact present-day protein validation established by the current routes.
ENSMUSG00000040657,ENSMUST00000043553|MSTRG.241163.1|MSTRG.241163.2|MSTRG.241163.3|MSTRG.241163.4|MSTRG.241163.5,False,False,,,,,,NO_EXACT_PRESENT_DAY_VALIDATION,6,No exact present-day protein validation established by the current routes.
ENSMUSG00000041512,ENSMUST00000036821,False,True,71.0,377.0,1.0,FULLY_WITHIN_CURRENT_EXONS,TRANSCRIPT_EXACT_EXON_CONSISTENT,EXACT_TRANSCRIPT_EXON_CONSISTENT,2,Published protein exactly encoded by a transcript region fully within current exon-derived sequence space.
ENSMUSG00000040467,ENSMUST00000048606,False,True,1832.0,2138.0,1.0,FULLY_WITHIN_CURRENT_EXONS,TRANSCRIPT_EXACT_EXON_CONSISTENT,EXACT_TRANSCRIPT_EXON_CONSISTENT,2,Published protein exactly encoded by a transcript region fully within current exon-derived sequence space.
ENSMUSG00000055271,ENSMUST00000056140|MSTRG.66555.1|MSTRG.66555.2,False,False,,,,,,NO_EXACT_PRESENT_DAY_VALIDATION,6,No exact present-day protein validation established by the current routes.
ENSMUSG00000020887,ENSMUST00000050921|MSTRG.270136.1,False,False,,,,,,NO_EXACT_PRESENT_DAY_VALIDATION,6,No exact present-day protein validation established by the current routes.
ENSMUSG00000043583,ENSMUST00000062355,False,False,,,,,,NO_EXACT_PRESENT_DAY_VALIDATION,6,No exact present-day protein validation established by the current routes.
ENSMUSG00000042857,ENSMUST00000059598|MSTRG.80194.1,False,False,,,,,,NO_EXACT_PRESENT_DAY_VALIDATION,6,No exact present-day protein validation established by the current routes.
ENSMUSG00000049349,ENSMUST00000053318,False,False,,,,,,NO_EXACT_PRESENT_DAY_VALIDATION,6,No exact present-day protein validation established by the current routes.
ENSMUSG00000048484,ENSMUST00000058918|MSTRG.262868.2,False,False,,,,,,NO_EXACT_PRESENT_DAY_VALIDATION,6,No exact present-day protein validation established by the current routes.
ENSMUSG00000049427,ENSMUST00000057722,False,True,94.0,472.0,1.0,FULLY_WITHIN_CURRENT_EXONS,TRANSCRIPT_EXACT_EXON_CONSISTENT,EXACT_TRANSCRIPT_EXON_CONSISTENT,2,Published protein exactly encoded by a transcript region fully within current exon-derived sequence space.
ENSMUSG00000051237,ENSMUST00000056401,False,True,10035.0,10368.0,0.0,OUTSIDE_CURRENT_EXONS,TRANSCRIPT_EXACT_CDS_UNCONFIRMED,EXACT_TRANSCRIPT_CDS_UNCONFIRMED,4,"Exact transcript-level protein match exists, but current saved annotation does not independently establish it as the annotated CDS."
ENSMUSG00000047828,ENSMUST00000050754,False,True,7514.0,8234.0,0.0,OUTSIDE_CURRENT_EXONS,TRANSCRIPT_EXACT_CDS_UNCONFIRMED,EXACT_TRANSCRIPT_CDS_UNCONFIRMED,4,"Exact transcript-level protein match exists, but current saved annotation does not independently establish it as the annotated CDS."
ENSMUSG00000052376,ENSMUST00000061679|MSTRG.59171.30|MSTRG.59171.68,False,False,,,,,,NO_EXACT_PRESENT_DAY_VALIDATION,6,No exact present-day protein validation established by the current routes.
ENSMUSG00000044544,ENSMUST00000056994|MSTRG.36806.1,False,False,,,,,,NO_EXACT_PRESENT_DAY_VALIDATION,6,No exact present-day protein validation established by the current routes.
ENSMUSG00000048544,ENSMUST00000059351,False,False,,,,,,NO_EXACT_PRESENT_DAY_VALIDATION,6,No exact present-day protein validation established by the current routes.
ENSMUSG00000046085,ENSMUST00000056170|MSTRG.160928.14,False,False,,,,,,NO_EXACT_PRESENT_DAY_VALIDATION,6,No exact present-day protein validation established by the current routes.
ENSMUSG00000045877,ENSMUST00000056256,False,True,261.0,564.0,1.0,FULLY_WITHIN_CURRENT_EXONS,TRANSCRIPT_EXACT_EXON_CONSISTENT,EXACT_TRANSCRIPT_EXON_CONSISTENT,2,Published protein exactly encoded by a transcript region fully within current exon-derived sequence space.
ENSMUSG00000045065,ENSMUST00000055404,False,False,,,,,,NO_EXACT_PRESENT_DAY_VALIDATION,6,No exact present-day protein validation established by the current routes.
ENSMUSG00000056257,ENSMUST00000070258,False,True,91.0,436.0,1.0,FULLY_WITHIN_CURRENT_EXONS,TRANSCRIPT_EXACT_EXON_CONSISTENT,EXACT_TRANSCRIPT_EXON_CONSISTENT,2,Published protein exactly encoded by a transcript region fully within current exon-derived sequence space.
ENSMUSG00000062310,ENSMUST00000067625,False,False,,,,,,NO_EXACT_PRESENT_DAY_VALIDATION,6,No exact present-day protein validation established by the current routes.
ENSMUSG00000055072,ENSMUST00000068448,False,True,287.0,719.0,1.0,FULLY_WITHIN_CURRENT_EXONS,TRANSCRIPT_EXACT_EXON_CONSISTENT,EXACT_TRANSCRIPT_EXON_CONSISTENT,2,Published protein exactly encoded by a transcript region fully within current exon-derived sequence space.
ENSMUSG00000056753,ENSMUST00000071067|MSTRG.271722.1|MSTRG.271722.3|MSTRG.271722.6,False,False,,,,,,NO_EXACT_PRESENT_DAY_VALIDATION,6,No exact present-day protein validation established by the current routes.
ENSMUSG00000055323,ENSMUST00000068836,False,True,749.0,1091.0,1.0,FULLY_WITHIN_CURRENT_EXONS,TRANSCRIPT_EXACT_EXON_CONSISTENT,EXACT_TRANSCRIPT_EXON_CONSISTENT,2,Published protein exactly encoded by a transcript region fully within current exon-derived sequence space.
ENSMUSG00000056106,ENSMUST00000070021,False,False,,,,,,NO_EXACT_PRESENT_DAY_VALIDATION,6,No exact present-day protein validation established by the current routes.
ENSMUSG00000054156,ENSMUST00000067007,False,False,,,,,,NO_EXACT_PRESENT_DAY_VALIDATION,6,No exact present-day protein validation established by the current routes.
ENSMUSG00000053528,ENSMUST00000066005|MSTRG.254461.2,False,False,,,,,,NO_EXACT_PRESENT_DAY_VALIDATION,6,No exact present-day protein validation established by the current routes.
ENSMUSG00000054057,ENSMUST00000066163|MSTRG.150961.2,False,False,,,,,,NO_EXACT_PRESENT_DAY_VALIDATION,6,No exact present-day protein validation established by the current routes.
ENSMUSG00000055446,ENSMUST00000069035,False,False,,,,,,NO_EXACT_PRESENT_DAY_VALIDATION,6,No exact present-day protein validation established by the current routes.
ENSMUSG00000054945,ENSMUST00000068250,False,True,640.0,958.0,1.0,FULLY_WITHIN_CURRENT_EXONS,TRANSCRIPT_EXACT_EXON_CONSISTENT,EXACT_TRANSCRIPT_EXON_CONSISTENT,2,Published protein exactly encoded by a transcript region fully within current exon-derived sequence space.
ENSMUSG00000054450,ENSMUST00000067523|MSTRG.44361.5|MSTRG.44361.6,False,False,,,,,,NO_EXACT_PRESENT_DAY_VALIDATION,6,No exact present-day protein validation established by the current routes.
ENSMUSG00000053420,ENSMUST00000065826,False,False,,,,,,NO_EXACT_PRESENT_DAY_VALIDATION,6,No exact present-day protein validation established by the current routes.
ENSMUSG00000052471,ENSMUST00000068783,False,False,,,,,,NO_EXACT_PRESENT_DAY_VALIDATION,6,No exact present-day protein validation established by the current routes.
ENSMUSG00000053980,ENSMUST00000066742,False,True,702.0,1140.0,1.0,FULLY_WITHIN_CURRENT_EXONS,TRANSCRIPT_EXACT_EXON_CONSISTENT,EXACT_TRANSCRIPT_EXON_CONSISTENT,2,Published protein exactly encoded by a transcript region fully within current exon-derived sequence space.
ENSMUSG00000053979,ENSMUST00000066740,False,True,10899.0,11265.0,0.0,OUTSIDE_CURRENT_EXONS,TRANSCRIPT_EXACT_CDS_UNCONFIRMED,EXACT_TRANSCRIPT_CDS_UNCONFIRMED,4,"Exact transcript-level protein match exists, but current saved annotation does not independently establish it as the annotated CDS."
ENSMUSG00000054178,ENSMUST00000067077|MSTRG.144290.1|MSTRG.144290.2|MSTRG.144290.4|MSTRG.144290.6,False,False,,,,,,NO_EXACT_PRESENT_DAY_VALIDATION,6,No exact present-day protein validation established by the current routes.
ENSMUSG00000054069,ENSMUST00000066875,False,False,,,,,,NO_EXACT_PRESENT_DAY_VALIDATION,6,No exact present-day protein validation established by the current routes.
ENSMUSG00000054258,ENSMUST00000067176,False,True,315.0,729.0,1.0,FULLY_WITHIN_CURRENT_EXONS,TRANSCRIPT_EXACT_EXON_CONSISTENT,EXACT_TRANSCRIPT_EXON_CONSISTENT,2,Published protein exactly encoded by a transcript region fully within current exon-derived sequence space.
ENSMUSG00000053181,ENSMUST00000065465,False,True,700.0,1201.0,0.8562874251497006,PARTIALLY_WITHIN_CURRENT_EXONS,TRANSCRIPT_EXACT_PARTIAL_EXON,EXACT_TRANSCRIPT_PARTIAL_EXON,3,Exact transcript-level protein match partially overlaps current exon-derived sequence space.
ENSMUSG00000053499,ENSMUST00000065956,False,False,,,,,,NO_EXACT_PRESENT_DAY_VALIDATION,6,No exact present-day protein validation established by the current routes.
ENSMUSG00000055099,ENSMUST00000068485,False,False,,,,,,NO_EXACT_PRESENT_DAY_VALIDATION,6,No exact present-day protein validation established by the current routes.
ENSMUSG00000055456,ENSMUST00000069051,False,True,782.0,1088.0,1.0,FULLY_WITHIN_CURRENT_EXONS,TRANSCRIPT_EXACT_EXON_CONSISTENT,EXACT_TRANSCRIPT_EXON_CONSISTENT,2,Published protein exactly encoded by a transcript region fully within current exon-derived sequence space.
ENSMUSG00000054758,ENSMUST00000067972,False,False,,,,,,NO_EXACT_PRESENT_DAY_VALIDATION,6,No exact present-day protein validation established by the current routes.
ENSMUSG00000031802,ENSMUST00000071254|MSTRG.279011.17,False,False,,,,,,NO_EXACT_PRESENT_DAY_VALIDATION,6,No exact present-day protein validation established by the current routes.
ENSMUSG00000057913,ENSMUST00000071522,False,True,7943.0,8321.0,0.0,OUTSIDE_CURRENT_EXONS,TRANSCRIPT_EXACT_CDS_UNCONFIRMED,EXACT_TRANSCRIPT_CDS_UNCONFIRMED,4,"Exact transcript-level protein match exists, but current saved annotation does not independently establish it as the annotated CDS."
ENSMUSG00000029878,ENSMUST00000072100|MSTRG.63146.1|MSTRG.63146.3|MSTRG.63146.4,False,False,,,,,,NO_EXACT_PRESENT_DAY_VALIDATION,6,No exact present-day protein validation established by the current routes.
ENSMUSG00000062282,ENSMUST00000072437|MSTRG.74363.2,False,False,,,,,,NO_EXACT_PRESENT_DAY_VALIDATION,6,No exact present-day protein validation established by the current routes.
ENSMUSG00000057047,ENSMUST00000073081,False,False,,,,,,NO_EXACT_PRESENT_DAY_VALIDATION,6,No exact present-day protein validation established by the current routes.
ENSMUSG00000063254,ENSMUST00000079045|MSTRG.260115.1,False,False,,,,,,NO_EXACT_PRESENT_DAY_VALIDATION,6,No exact present-day protein validation established by the current routes.
ENSMUSG00000060416,ENSMUST00000079186,False,True,3616.0,3985.0,0.0,OUTSIDE_CURRENT_EXONS,TRANSCRIPT_EXACT_CDS_UNCONFIRMED,EXACT_TRANSCRIPT_CDS_UNCONFIRMED,4,"Exact transcript-level protein match exists, but current saved annotation does not independently establish it as the annotated CDS."
ENSMUSG00000072963,ENSMUST00000084653|MSTRG.44353.3|MSTRG.44353.4,False,False,,,,,,NO_EXACT_PRESENT_DAY_VALIDATION,6,No exact present-day protein validation established by the current routes.
ENSMUSG00000073388,ENSMUST00000086675|MSTRG.125365.7|MSTRG.125365.8,False,False,,,,,,NO_EXACT_PRESENT_DAY_VALIDATION,6,No exact present-day protein validation established by the current routes.
ENSMUSG00000068601,ENSMUST00000090237,False,False,,,,,,NO_EXACT_PRESENT_DAY_VALIDATION,6,No exact present-day protein validation established by the current routes.
ENSMUSG00000052075,ENSMUST00000091377,False,False,,,,,,NO_EXACT_PRESENT_DAY_VALIDATION,6,No exact present-day protein validation established by the current routes.
ENSMUSG00000069588,ENSMUST00000092394|MSTRG.54322.1,False,False,,,,,,NO_EXACT_PRESENT_DAY_VALIDATION,6,No exact present-day protein validation established by the current routes.
ENSMUSG00000069713,ENSMUST00000092680|MSTRG.24685.2,False,False,,,,,,NO_EXACT_PRESENT_DAY_VALIDATION,6,No exact present-day protein validation established by the current routes.
ENSMUSG00000070023,ENSMUST00000093494,False,False,,,,,,NO_EXACT_PRESENT_DAY_VALIDATION,6,No exact present-day protein validation established by the current routes.
ENSMUSG00000074029,ENSMUST00000093527,False,True,1468.0,1966.0,1.0,FULLY_WITHIN_CURRENT_EXONS,TRANSCRIPT_EXACT_EXON_CONSISTENT,EXACT_TRANSCRIPT_EXON_CONSISTENT,2,Published protein exactly encoded by a transcript region fully within current exon-derived sequence space.
ENSMUSG00000070511,ENSMUST00000094315,False,False,,,,,,NO_EXACT_PRESENT_DAY_VALIDATION,6,No exact present-day protein validation established by the current routes.
ENSMUSG00000071181,ENSMUST00000095459|MSTRG.81756.2|MSTRG.81756.21|MSTRG.81756.22|MSTRG.81756.24|MSTRG.81756.4|MSTRG.81756.5|MSTRG.81756.8,False,False,,,,,,NO_EXACT_PRESENT_DAY_VALIDATION,6,No exact present-day protein validation established by the current routes.
ENSMUSG00000056089,ENSMUST00000069992|MSTRG.98692.1|MSTRG.98692.2|MSTRG.98692.3|MSTRG.98692.4|MSTRG.98692.5|MSTRG.98692.6|MSTRG.98692.7|MSTRG.98692.8,False,False,,,,,,NO_EXACT_PRESENT_DAY_VALIDATION,6,No exact present-day protein validation established by the current routes.
ENSMUSG00000073492,ENSMUST00000097466|MSTRG.19208.1|MSTRG.19208.3,False,False,,,,,,NO_EXACT_PRESENT_DAY_VALIDATION,6,No exact present-day protein validation established by the current routes.
ENSMUSG00000073781,ENSMUST00000097935,False,False,,,,,,NO_EXACT_PRESENT_DAY_VALIDATION,6,No exact present-day protein validation established by the current routes.
ENSMUSG00000073794,ENSMUST00000097964|ENSMUST00000168045,False,False,,,,,,NO_EXACT_PRESENT_DAY_VALIDATION,6,No exact present-day protein validation established by the current routes.
ENSMUSG00000073803,ENSMUST00000097982,False,True,727.0,1039.0,1.0,FULLY_WITHIN_CURRENT_EXONS,TRANSCRIPT_EXACT_EXON_CONSISTENT,EXACT_TRANSCRIPT_EXON_CONSISTENT,2,Published protein exactly encoded by a transcript region fully within current exon-derived sequence space.
ENSMUSG00000073862,ENSMUST00000098100,False,True,0.0,483.0,1.0,FULLY_WITHIN_CURRENT_EXONS,TRANSCRIPT_EXACT_EXON_CONSISTENT,EXACT_TRANSCRIPT_EXON_CONSISTENT,2,Published protein exactly encoded by a transcript region fully within current exon-derived sequence space.
ENSMUSG00000074215,ENSMUST00000098592|MSTRG.271722.1|MSTRG.271722.3,False,False,,,,,,NO_EXACT_PRESENT_DAY_VALIDATION,6,No exact present-day protein validation established by the current routes.
ENSMUSG00000074232,ENSMUST00000098612,False,True,1114.0,1486.0,1.0,FULLY_WITHIN_CURRENT_EXONS,TRANSCRIPT_EXACT_EXON_CONSISTENT,EXACT_TRANSCRIPT_EXON_CONSISTENT,2,Published protein exactly encoded by a transcript region fully within current exon-derived sequence space.
ENSMUSG00000074248,ENSMUST00000098646|ENSMUST00000196899,False,False,,,,,,NO_EXACT_PRESENT_DAY_VALIDATION,6,No exact present-day protein validation established by the current routes.
ENSMUSG00000074473,ENSMUST00000098935,False,False,,,,,,NO_EXACT_PRESENT_DAY_VALIDATION,6,No exact present-day protein validation established by the current routes.
ENSMUSG00000074739,ENSMUST00000099266,False,True,908.0,1307.0,1.0,FULLY_WITHIN_CURRENT_EXONS,TRANSCRIPT_EXACT_EXON_CONSISTENT,EXACT_TRANSCRIPT_EXON_CONSISTENT,2,Published protein exactly encoded by a transcript region fully within current exon-derived sequence space.
ENSMUSG00000074847,ENSMUST00000099425,False,False,,,,,,NO_EXACT_PRESENT_DAY_VALIDATION,6,No exact present-day protein validation established by the current routes.
ENSMUSG00000074873,ENSMUST00000099454|MSTRG.146428.1|MSTRG.146428.11|MSTRG.146428.12|MSTRG.146428.14|MSTRG.146428.2|MSTRG.146428.29|MSTRG.146428.32|MSTRG.146428.6|MSTRG.146428.8|MSTRG.146428.9,False,False,,,,,,NO_EXACT_PRESENT_DAY_VALIDATION,6,No exact present-day protein validation established by the current routes.
ENSMUSG00000074913,ENSMUST00000099536,False,False,,,,,,NO_EXACT_PRESENT_DAY_VALIDATION,6,No exact present-day protein validation established by the current routes.
ENSMUSG00000074919,ENSMUST00000099552,False,True,9768.0,10134.0,0.0,OUTSIDE_CURRENT_EXONS,TRANSCRIPT_EXACT_CDS_UNCONFIRMED,EXACT_TRANSCRIPT_CDS_UNCONFIRMED,4,"Exact transcript-level protein match exists, but current saved annotation does not independently establish it as the annotated CDS."
ENSMUSG00000074999,ENSMUST00000099661,False,True,513.0,897.0,1.0,FULLY_WITHIN_CURRENT_EXONS,TRANSCRIPT_EXACT_EXON_CONSISTENT,EXACT_TRANSCRIPT_EXON_CONSISTENT,2,Published protein exactly encoded by a transcript region fully within current exon-derived sequence space.
ENSMUSG00000075024,ENSMUST00000099692,False,False,,,,,,NO_EXACT_PRESENT_DAY_VALIDATION,6,No exact present-day protein validation established by the current routes.
ENSMUSG00000075184,ENSMUST00000099888|MSTRG.27331.4|MSTRG.27331.5|MSTRG.27331.7|MSTRG.27331.8|MSTRG.27331.9,False,False,,,,,,NO_EXACT_PRESENT_DAY_VALIDATION,6,No exact present-day protein validation established by the current routes.
ENSMUSG00000075405,ENSMUST00000100190|MSTRG.153275.7,False,False,,,,,,NO_EXACT_PRESENT_DAY_VALIDATION,6,No exact present-day protein validation established by the current routes.
ENSMUSG00000075465,ENSMUST00000100294|MSTRG.96337.1,False,False,,,,,,NO_EXACT_PRESENT_DAY_VALIDATION,6,No exact present-day protein validation established by the current routes.
ENSMUSG00000075512,ENSMUST00000100372,False,False,,,,,,NO_EXACT_PRESENT_DAY_VALIDATION,6,No exact present-day protein validation established by the current routes.
ENSMUSG00000075553,ENSMUST00000100453,False,True,66.0,591.0,1.0,FULLY_WITHIN_CURRENT_EXONS,TRANSCRIPT_EXACT_EXON_CONSISTENT,EXACT_TRANSCRIPT_EXON_CONSISTENT,2,Published protein exactly encoded by a transcript region fully within current exon-derived sequence space.
ENSMUSG00000072618,ENSMUST00000100713,False,True,8025.0,8301.0,0.0,OUTSIDE_CURRENT_EXONS,TRANSCRIPT_EXACT_CDS_UNCONFIRMED,EXACT_TRANSCRIPT_CDS_UNCONFIRMED,4,"Exact transcript-level protein match exists, but current saved annotation does not independently establish it as the annotated CDS."
ENSMUSG00000073000,ENSMUST00000101281|MSTRG.63403.1|MSTRG.63403.2,False,False,,,,,,NO_EXACT_PRESENT_DAY_VALIDATION,6,No exact present-day protein validation established by the current routes.
ENSMUSG00000073090,ENSMUST00000101425,False,False,,,,,,NO_EXACT_PRESENT_DAY_VALIDATION,6,No exact present-day protein validation established by the current routes.
ENSMUSG00000047363,ENSMUST00000102853,False,False,,,,,,NO_EXACT_PRESENT_DAY_VALIDATION,6,No exact present-day protein validation established by the current routes.
ENSMUSG00000078117,ENSMUST00000104915,False,True,344.0,689.0,1.0,FULLY_WITHIN_CURRENT_EXONS,TRANSCRIPT_EXACT_EXON_CONSISTENT,EXACT_TRANSCRIPT_EXON_CONSISTENT,2,Published protein exactly encoded by a transcript region fully within current exon-derived sequence space.
ENSMUSG00000078160,ENSMUST00000104964|MSTRG.207440.49,False,False,,,,,,NO_EXACT_PRESENT_DAY_VALIDATION,6,No exact present-day protein validation established by the current routes.
ENSMUSG00000078444,ENSMUST00000105408|MSTRG.30999.1|MSTRG.30999.3|MSTRG.30999.5,False,False,,,,,,NO_EXACT_PRESENT_DAY_VALIDATION,6,No exact present-day protein validation established by the current routes.
ENSMUSG00000078518,ENSMUST00000105805,False,False,,,,,,NO_EXACT_PRESENT_DAY_VALIDATION,6,No exact present-day protein validation established by the current routes.
ENSMUSG00000078605,ENSMUST00000106710,False,False,,,,,,NO_EXACT_PRESENT_DAY_VALIDATION,6,No exact present-day protein validation established by the current routes.
ENSMUSG00000078640,ENSMUST00000107080|ENSMUST00000107081|MSTRG.51932.1|MSTRG.51932.4|MSTRG.51932.5,False,False,,,,,,NO_EXACT_PRESENT_DAY_VALIDATION,6,No exact present-day protein validation established by the current routes.
ENSMUSG00000072983,ENSMUST00000109123,False,False,,,,,,NO_EXACT_PRESENT_DAY_VALIDATION,6,No exact present-day protein validation established by the current routes.
ENSMUSG00000079261,ENSMUST00000111826|MSTRG.88042.2,False,False,,,,,,NO_EXACT_PRESENT_DAY_VALIDATION,6,No exact present-day protein validation established by the current routes.
ENSMUSG00000079619,ENSMUST00000115114,False,False,,,,,,NO_EXACT_PRESENT_DAY_VALIDATION,6,No exact present-day protein validation established by the current routes.
ENSMUSG00000079642,ENSMUST00000115253,False,False,,,,,,NO_EXACT_PRESENT_DAY_VALIDATION,6,No exact present-day protein validation established by the current routes.
ENSMUSG00000091526,ENSMUST00000167536,False,True,7285.0,7567.0,0.0,OUTSIDE_CURRENT_EXONS,TRANSCRIPT_EXACT_CDS_UNCONFIRMED,EXACT_TRANSCRIPT_CDS_UNCONFIRMED,4,"Exact transcript-level protein match exists, but current saved annotation does not independently establish it as the annotated CDS."
ENSMUSG00000079183,ENSMUST00000166373,False,True,888.0,1233.0,1.0,FULLY_WITHIN_CURRENT_EXONS,TRANSCRIPT_EXACT_EXON_CONSISTENT,EXACT_TRANSCRIPT_EXON_CONSISTENT,2,Published protein exactly encoded by a transcript region fully within current exon-derived sequence space.
ENSMUSG00000090891,ENSMUST00000170124,False,False,,,,,,NO_EXACT_PRESENT_DAY_VALIDATION,6,No exact present-day protein validation established by the current routes.
ENSMUSG00000091193,ENSMUST00000169531,False,False,,,,,,NO_EXACT_PRESENT_DAY_VALIDATION,6,No exact present-day protein validation established by the current routes.
ENSMUSG00000090132,ENSMUST00000041758,False,False,,,,,,NO_EXACT_PRESENT_DAY_VALIDATION,6,No exact present-day protein validation established by the current routes.
ENSMUSG00000094186,ENSMUST00000177934,False,False,,,,,,NO_EXACT_PRESENT_DAY_VALIDATION,6,No exact present-day protein validation established by the current routes.
ENSMUSG00000096611,ENSMUST00000177892,False,False,,,,,,NO_EXACT_PRESENT_DAY_VALIDATION,6,No exact present-day protein validation established by the current routes.
ENSMUSG00000094841,ENSMUST00000177929|MSTRG.254539.4,False,False,,,,,,NO_EXACT_PRESENT_DAY_VALIDATION,6,No exact present-day protein validation established by the current routes.
ENSMUSG00000094112,ENSMUST00000179120|MSTRG.100445.1,False,False,,,,,,NO_EXACT_PRESENT_DAY_VALIDATION,6,No exact present-day protein validation established by the current routes.
ENSMUSG00000094690,ENSMUST00000178179,False,False,,,,,,NO_EXACT_PRESENT_DAY_VALIDATION,6,No exact present-day protein validation established by the current routes.
ENSMUSG00000091955,ENSMUST00000170837|MSTRG.247166.1,False,False,,,,,,NO_EXACT_PRESENT_DAY_VALIDATION,6,No exact present-day protein validation established by the current routes.
ENSMUSG00000095240,ENSMUST00000179096,False,False,,,,,,NO_EXACT_PRESENT_DAY_VALIDATION,6,No exact present-day protein validation established by the current routes.
ENSMUSG00000095385,ENSMUST00000179013|MSTRG.282692.1,False,False,,,,,,NO_EXACT_PRESENT_DAY_VALIDATION,6,No exact present-day protein validation established by the current routes.
ENSMUSG00000095213,ENSMUST00000177649,False,True,0.0,306.0,1.0,FULLY_WITHIN_CURRENT_EXONS,TRANSCRIPT_EXACT_EXON_CONSISTENT,EXACT_TRANSCRIPT_EXON_CONSISTENT,2,Published protein exactly encoded by a transcript region fully within current exon-derived sequence space.
ENSMUSG00000095953,ENSMUST00000179160,False,True,16159.0,16711.0,0.0,OUTSIDE_CURRENT_EXONS,TRANSCRIPT_EXACT_CDS_UNCONFIRMED,EXACT_TRANSCRIPT_CDS_UNCONFIRMED,4,"Exact transcript-level protein match exists, but current saved annotation does not independently establish it as the annotated CDS."
ENSMUSG00000097187,ENSMUST00000181711,False,False,,,,,,NO_EXACT_PRESENT_DAY_VALIDATION,6,No exact present-day protein validation established by the current routes.
ENSMUSG00000100967,ENSMUST00000189185|MSTRG.105698.2|MSTRG.105698.4|MSTRG.105698.5,False,False,,,,,,NO_EXACT_PRESENT_DAY_VALIDATION,6,No exact present-day protein validation established by the current routes.
ENSMUSG00000101315,ENSMUST00000188005,False,False,,,,,,NO_EXACT_PRESENT_DAY_VALIDATION,6,No exact present-day protein validation established by the current routes.
ENSMUSG00000102308,ENSMUST00000193521,False,False,,,,,,NO_EXACT_PRESENT_DAY_VALIDATION,6,No exact present-day protein validation established by the current routes.
