category,filename,source_path,repository_path,size_bytes,sha256
analysis_code,PART_21D19_TARGET_ProcessingWholeGenomeAlignments__extract_alnscore_genewise.py,/content/drive/MyDrive/GENE/11_RESULTS/PART_21D19_UPSTREAM_GIT_PROVENANCE/PART_21D19_TARGET_ProcessingWholeGenomeAlignments__extract_alnscore_genewise.py,code/analysis/PART_21D19_TARGET_ProcessingWholeGenomeAlignments__extract_alnscore_genewise.py,19022,a374efc50ce68389fcf71bf1a2d456348042067b221253d447cb362c44545345
analysis_code,PART_21D19_TARGET_ProcessingWholeGenomeAlignments__extract_raw_hit.py,/content/drive/MyDrive/GENE/11_RESULTS/PART_21D19_UPSTREAM_GIT_PROVENANCE/PART_21D19_TARGET_ProcessingWholeGenomeAlignments__extract_raw_hit.py,code/analysis/PART_21D19_TARGET_ProcessingWholeGenomeAlignments__extract_raw_hit.py,15290,47fd761103a714b630207960de5098c95cf94a47cbca3af89321405144211800
analysis_code,PART_21D19_TARGET_ProcessingWholeGenomeAlignments__ortholog_mapping.py,/content/drive/MyDrive/GENE/11_RESULTS/PART_21D19_UPSTREAM_GIT_PROVENANCE/PART_21D19_TARGET_ProcessingWholeGenomeAlignments__ortholog_mapping.py,code/analysis/PART_21D19_TARGET_ProcessingWholeGenomeAlignments__ortholog_mapping.py,20614,0c6d456d60f769d48903137443fad46a6961a0a72146043a03759317466160cf
analysis_code,PART_21D19_TARGET_ProcessingWholeGenomeAlignments__ortholog_relations.py,/content/drive/MyDrive/GENE/11_RESULTS/PART_21D19_UPSTREAM_GIT_PROVENANCE/PART_21D19_TARGET_ProcessingWholeGenomeAlignments__ortholog_relations.py,code/analysis/PART_21D19_TARGET_ProcessingWholeGenomeAlignments__ortholog_relations.py,12585,63cca3d7c2720ee9db080cca5240476edb2c27ef5fc59a4badd09691bfc7125f
final_reproducibility,PART_31_92_FINAL_MASTER_RESULTS.csv,/content/drive/MyDrive/GENE/11_RESULTS/PART_31_FINAL_MASTER_RESULTS/PART_31_92_FINAL_MASTER_RESULTS.csv,results/final_summary/PART_31_92_FINAL_MASTER_RESULTS.csv,7545,9fab677116d37d03a2d869a78102e7827f28746cfe5d112a0834db44111b41f0
final_reproducibility,PART_31_92_FINAL_MASTER_RESULTS.json,/content/drive/MyDrive/GENE/11_RESULTS/PART_31_FINAL_MASTER_RESULTS/PART_31_92_FINAL_MASTER_RESULTS.json,results/final_summary/PART_31_92_FINAL_MASTER_RESULTS.json,1904,4b0aa98cd701a7bb5d2dee794af39cf08143c599551413083230e2a648733372
final_reproducibility,PART_31_92_FINAL_MASTER_RESULTS.txt,/content/drive/MyDrive/GENE/11_RESULTS/PART_31_FINAL_MASTER_RESULTS/PART_31_92_FINAL_MASTER_RESULTS.txt,results/final_summary/PART_31_92_FINAL_MASTER_RESULTS.txt,1444,a65e15cc26394eda46269765f878fa0f0fce0fd2281ab132cf1808ab684c44df
final_reproducibility,PART_31_92_FINAL_CLAIMS.csv,/content/drive/MyDrive/GENE/11_RESULTS/PART_31_FINAL_MASTER_RESULTS/PART_31_92_FINAL_CLAIMS.csv,results/final_summary/PART_31_92_FINAL_CLAIMS.csv,848,4850d0d9802e2da40fa3fd05d04934a4e9348d50199dda1ca4a5b89bc2603bb3
final_reproducibility,PART_31_92_MANUSCRIPT_RESULTS_TABLE.csv,/content/drive/MyDrive/GENE/11_RESULTS/PART_31_FINAL_MASTER_RESULTS/PART_31_92_MANUSCRIPT_RESULTS_TABLE.csv,results/final_tables/PART_31_92_MANUSCRIPT_RESULTS_TABLE.csv,998,a6646ee0e58f1955b1d5c2338dce4e459ca87344236c62be9f96bac1ce3bfb11
final_reproducibility,PART_31_1RR_834_PROTO_GENE_MASTER.csv,/content/drive/MyDrive/GENE/11_RESULTS/PART_31_NON_GENIC_TO_YOUNG_GENE_RECONSTRUCTION/PART_31_1RR_PROTO_GENE_ARCHITECTURE/PART_31_1RR_834_PROTO_GENE_MASTER.csv,data/final_reproducibility/PART_31_1RR_834_PROTO_GENE_MASTER.csv,125700,53f2094e35d0e06ae1b4603bf3feb353f1a7745589bb08554641d73c6c0fbddc
final_reproducibility,PART_31_61_PRIMARY_834_SEQUENCE_DATASET.csv,/content/drive/MyDrive/GENE/11_RESULTS/PART_31_NON_GENIC_TO_YOUNG_GENE_RECONSTRUCTION/PART_31_61_SEQUENCE_COMPARABILITY_AUDIT/PART_31_61_PRIMARY_834_SEQUENCE_DATASET.csv,data/final_reproducibility/PART_31_61_PRIMARY_834_SEQUENCE_DATASET.csv,1030349,9cf0876ecb9efa3bfe9e32c688eb66a5f18e44b9b8feec6c931ca2e89d817dab
final_reproducibility,PART_31_62_PRIMARY_MATCHED_SEQUENCE_TABLE.csv,/content/drive/MyDrive/GENE/11_RESULTS/PART_31_NON_GENIC_TO_YOUNG_GENE_RECONSTRUCTION/PART_31_62_LENGTH_GC_MATCHED_SEQUENCE_DATASET/PART_31_62_PRIMARY_MATCHED_SEQUENCE_TABLE.csv,data/final_reproducibility/PART_31_62_PRIMARY_MATCHED_SEQUENCE_TABLE.csv,311616,2284b1d37c63f172ba694e6874b689fed7deb193d4ca51fb7ea68612a573a948
final_reproducibility,PART_31_62_PRIMARY_MODEL_PAIR_TABLE.csv,/content/drive/MyDrive/GENE/11_RESULTS/PART_31_NON_GENIC_TO_YOUNG_GENE_RECONSTRUCTION/PART_31_62_LENGTH_GC_MATCHED_SEQUENCE_DATASET/PART_31_62_PRIMARY_MODEL_PAIR_TABLE.csv,data/final_reproducibility/PART_31_62_PRIMARY_MODEL_PAIR_TABLE.csv,26531,69c36a8015190df523ac913b3c1ebaeac3784642555058e0627da2d424963c54
final_reproducibility,PART_31_63_PAIRED_FEATURE_TABLE.csv,/content/drive/MyDrive/GENE/11_RESULTS/PART_31_NON_GENIC_TO_YOUNG_GENE_RECONSTRUCTION/PART_31_63_PAIRED_SEQUENCE_FEATURE_ANALYSIS/PART_31_63_PAIRED_FEATURE_TABLE.csv,data/final_reproducibility/PART_31_63_PAIRED_FEATURE_TABLE.csv,1114513,4b9c880b717444c6e1233efc8dbcf7aa526d4d2f304ab5d871b710b870f32c7c
final_reproducibility,PART_31_66_PAIRED_LOCAL_GC_TABLE.csv,/content/drive/MyDrive/GENE/11_RESULTS/PART_31_NON_GENIC_TO_YOUNG_GENE_RECONSTRUCTION/PART_31_66_LOCAL_GC_ROBUSTNESS_WINDOW_TEST/PART_31_66_PAIRED_LOCAL_GC_TABLE.csv,data/final_reproducibility/PART_31_66_PAIRED_LOCAL_GC_TABLE.csv,115883,b85a0767ed28bfa933b5971a48857d8513dc08a11b1cac1df77983c2d64d668e
final_reproducibility,PART_31_74R_MERGED_MECHANISTIC_TABLE.csv,/content/drive/MyDrive/GENE/11_RESULTS/PART_31_NON_GENIC_TO_YOUNG_GENE_RECONSTRUCTION/PART_31_74_LOCAL_GC_STOP_ACCESSIBILITY_MECHANISM/PART_31_74R_MERGED_MECHANISTIC_TABLE.csv,data/final_reproducibility/PART_31_74R_MERGED_MECHANISTIC_TABLE.csv,389502,65fbc9394e01e6cad0dfdb30009ea524b29389828ebfb183445feb303171f2d7
final_reproducibility,PART_31_75_MERGED_MECHANISTIC_TABLE.csv,/content/drive/MyDrive/GENE/11_RESULTS/PART_31_NON_GENIC_TO_YOUNG_GENE_RECONSTRUCTION/PART_31_75_LOCAL_GC_TRINUCLEOTIDE_ACCESSIBILITY/PART_31_75_MERGED_MECHANISTIC_TABLE.csv,data/final_reproducibility/PART_31_75_MERGED_MECHANISTIC_TABLE.csv,2011191,c9408380c4de8ba1983898a97b1082c762edc4f448426e532605894a872ef2bf
final_reproducibility,PART_31_94J_NULL_DISTRIBUTION_40aa.csv,/content/drive/MyDrive/GENE/11_RESULTS/PART_31_MUTATION_WEIGHTED_ACCESSIBILITY/PART_31_94J_LABEL_PERMUTATION_NULL/PART_31_94J_NULL_DISTRIBUTION_40aa.csv,data/final_reproducibility/PART_31_94J_NULL_DISTRIBUTION_40aa.csv,192614,f1622c83d7de2f14d7a8333e57ce7167133fa43f8b8bb1e94e37587528d3af0d
final_reproducibility,PART_31_94J_NULL_DISTRIBUTION_50aa.csv,/content/drive/MyDrive/GENE/11_RESULTS/PART_31_MUTATION_WEIGHTED_ACCESSIBILITY/PART_31_94J_LABEL_PERMUTATION_NULL/PART_31_94J_NULL_DISTRIBUTION_50aa.csv,data/final_reproducibility/PART_31_94J_NULL_DISTRIBUTION_50aa.csv,191573,50cbd7fffa154f8215d17e93a57f400b8f5eb15bf90b114b5ff8e76ab2c7ec5f
final_reproducibility,PART_31_95O_CLEAN_ASR_STATE_TABLE.csv,/content/drive/MyDrive/GENE/11_RESULTS/PART_31_HISTORICAL_RECONSTRUCTION/PART_31_95O_ASR_STATE_AUDIT/PART_31_95O_CLEAN_ASR_STATE_TABLE.csv,data/final_reproducibility/PART_31_95O_CLEAN_ASR_STATE_TABLE.csv,411586,08b36b3b2e594328b4d217b62a3e67aa1c33190d330fad5b084d531d8a49ccf6
final_reproducibility,PART_31_95S_R2_CLEAN_ASR_STATE_TABLE.csv,/content/drive/MyDrive/GENE/11_RESULTS/PART_31_HISTORICAL_RECONSTRUCTION/PART_31_95S_R2_REFERENCE_ASR_DMEL_LINEAGE/PART_31_95S_R2_CLEAN_ASR_STATE_TABLE.csv,data/final_reproducibility/PART_31_95S_R2_CLEAN_ASR_STATE_TABLE.csv,258032,5ca6215b0d4cb0b70d8b554fc30b9456a595800b4e9625fc9653f9d5dd82ffa6
final_reproducibility,PART_31_84R_COMPACT_EVIDENCE_TABLE.csv,/content/drive/MyDrive/GENE/11_RESULTS/PART_31_MOUSE_MULTI_SPECIES_VALIDATION/01_DATASET_AUDIT/PART_31_84_MOUSE_MASTER_VALIDATION/PART_31_84R_COMPACT_EVIDENCE_TABLE.csv,results/final_tables/PART_31_84R_COMPACT_EVIDENCE_TABLE.csv,24557,1c3b00a166a5d4aae0e8762b5381c9d6510fd8442e425ec0da3b973509fd59c3
final_reproducibility,PART_31_84R_MOUSE_MASTER_VALIDATION_TABLE.csv,/content/drive/MyDrive/GENE/11_RESULTS/PART_31_MOUSE_MULTI_SPECIES_VALIDATION/01_DATASET_AUDIT/PART_31_84_MOUSE_MASTER_VALIDATION/PART_31_84R_MOUSE_MASTER_VALIDATION_TABLE.csv,data/final_reproducibility/PART_31_84R_MOUSE_MASTER_VALIDATION_TABLE.csv,772148,2b859ceb83dd5b4f3d67108f9b68fc9d387804763885bbd4d09ebe13ccc22d67
final_reproducibility,PART_31_14_EVIDENCE_TIER_TABLE.csv,/content/drive/MyDrive/GENE/11_RESULTS/PART_31_NON_GENIC_TO_YOUNG_GENE_RECONSTRUCTION/PART_31_14_NON_GENIC_TO_PROTOGENE_EVIDENCE_MAP/PART_31_14_EVIDENCE_TIER_TABLE.csv,data/final_reproducibility/PART_31_14_EVIDENCE_TIER_TABLE.csv,107,01f75572d8399ad20fdf83ece5d2b3b6e454401cb3028ce986be5fa6cdefa7eb
final_reproducibility,PART_31_47_MANUSCRIPT_READY_EVIDENCE_TABLE.csv,/content/drive/MyDrive/GENE/11_RESULTS/PART_31_NON_GENIC_TO_YOUNG_GENE_RECONSTRUCTION/PART_31_47_FINAL_FIGURE_AND_MANUSCRIPT_TABLE/PART_31_47_MANUSCRIPT_READY_EVIDENCE_TABLE.csv,results/final_tables/PART_31_47_MANUSCRIPT_READY_EVIDENCE_TABLE.csv,1932,f6efd2fa672a349b30999f688ebeed34c31684a3974dccccde7636b394c68c86
final_reproducibility,Human_Table_S1_100_candidates.xlsx,/content/drive/MyDrive/GENE/11_RESULTS/PART_31_HUMAN_VALIDATION/00_RAW_HUMAN/Human_Table_S1_100_candidates.xlsx,results/final_tables/Human_Table_S1_100_candidates.xlsx,21255,dd52279ee3b5a281b72caef2ad6bb3f46d1cc4a588bb5638178cbf14ee053c04
final_reproducibility,Human_Table_S2_37_validated.xlsx,/content/drive/MyDrive/GENE/11_RESULTS/PART_31_HUMAN_VALIDATION/00_RAW_HUMAN/Human_Table_S2_37_validated.xlsx,results/final_tables/Human_Table_S2_37_validated.xlsx,21256,a448a48b4d261184d753853005a730025103f574f039a37e8189621fb8cdbd48
